Round,Match 1,Match 2,Match 3,Match 4,Match 5,Match 6,Match 7,Match 8,Match 9,Match 10,Match 11,Match 12,Match 13,Match 14,Match 15,Match 16,Match 17,Match 18,Match 19,Match 20,Match 21,Match 22,Match 23,Match 24,Match 25
Round 1,50v1(H),49v2(H),48v3(H),47v4(H),5v46(H),45v6(H),44v7(H),43v8(H),42v9(H),41v10(H),40v11(H),39v12(H),13v38(H),37v14(H),36v15(H),35v16(H),34v17(H),33v18(H),32v19(H),31v20(H),21v30(H),29v22(H),28v23(H),27v24(H),25v26(H)
Round 2,1v49(H),50v48(H),47v2(H),46v3(H),45v4(H),44v5(H),6v43(H),7v42(H),8v41(H),9v40(H),10v39(H),38v11(H),12v37(H),13v36(H),14v35(H),15v34(H),16v33(H),17v32(H),31v18(H),30v19(H),20v29(H),28v21(H),22v27(H),26v23(H),24v25(H)
Round 3,48v1(H),49v47(H),46v50(H),45v2(H),3v44(H),43v4(H),42v5(H),41v6(H),40v7(H),39v8(H),38v9(H),37v10(H),36v11(H),35v12(H),34v13(H),33v14(H),32v15(H),16v31(H),17v30(H),18v29(H),19v28(H),20v27(H),21v26(H),25v22(H),23v24(H)
Round 4,1v47(H),48v46(H),49v45(H),50v44(H),2v43(H),42v3(H),41v4(H),40v5(H),39v6(H),7v38(H),37v8(H),36v9(H),35v10(H),11v34(H),33v12(H),13v32(H),31v14(H),30v15(H),29v16(H),28v17(H),27v18(H),26v19(H),25v20(H),24v21(H),22v23(H)
Round 5,46v1(H),45v47(H),44v48(H),43v49(H),42v50(H),2v41(H),40v3(H),4v39(H),38v5(H),6v37(H),36v7(H),8v35(H),34v9(H),10v33(H),32v11(H),12v31(H),30v13(H),14v29(H),15v28(H),16v27(H),17v26(H),18v25(H),19v24(H),20v23(H),22v21(H)
Round 6,1v45(H),46v44(H),47v43(H),48v42(H),41v49(H),50v40(H),39v2(H),3v38(H),37v4(H),5v36(H),35v6(H),34v7(H),33v8(H),32v9(H),31v10(H),11v30(H),29v12(H),28v13(H),27v14(H),26v15(H),25v16(H),24v17(H),23v18(H),22v19(H),21v20(H)
Round 7,44v1(H),45v43(H),42v46(H),47v41(H),40v48(H),49v39(H),38v50(H),2v37(H),36v3(H),35v4(H),34v5(H),6v33(H),32v7(H),31v8(H),30v9(H),29v10(H),28v11(H),12v27(H),13v26(H),14v25(H),15v24(H),16v23(H),17v22(H),18v21(H),20v19(H)
Round 8,43v1(H),44v42(H),45v41(H),46v40(H),39v47(H),48v38(H),37v49(H),50v36(H),2v35(H),34v3(H),4v33(H),5v32(H),31v6(H),7v30(H),8v29(H),28v9(H),10v27(H),11v26(H),12v25(H),24v13(H),23v14(H),22v15(H),16v21(H),20v17(H),19v18(H)
Round 9,1v42(H),43v41(H),40v44(H),45v39(H),38v46(H),47v37(H),36v48(H),35v49(H),50v34(H),33v2(H),3v32(H),31v4(H),30v5(H),29v6(H),28v7(H),27v8(H),26v9(H),25v10(H),24v11(H),23v12(H),13v22(H),21v14(H),15v20(H),19v16(H),18v17(H)
Round 10,41v1(H),42v40(H),39v43(H),44v38(H),37v45(H),46v36(H),35v47(H),34v48(H),49v33(H),32v50(H),31v2(H),30v3(H),4v29(H),5v28(H),6v27(H),7v26(H),8v25(H),9v24(H),23v10(H),11v22(H),12v21(H),20v13(H),14v19(H),18v15(H),16v17(H)
Round 11,40v1(H),41v39(H),38v42(H),43v37(H),36v44(H),45v35(H),34v46(H),47v33(H),48v32(H),49v31(H),50v30(H),2v29(H),28v3(H),4v27(H),5v26(H),6v25(H),24v7(H),23v8(H),22v9(H),10v21(H),11v20(H),19v12(H),18v13(H),17v14(H),15v16(H)
Round 12,39v1(H),38v40(H),37v41(H),42v36(H),43v35(H),44v34(H),33v45(H),32v46(H),31v47(H),48v30(H),29v49(H),50v28(H),27v2(H),26v3(H),25v4(H),24v5(H),23v6(H),7v22(H),8v21(H),9v20(H),10v19(H),11v18(H),12v17(H),16v13(H),14v15(H)
Round 13,1v38(H),39v37(H),36v40(H),35v41(H),34v42(H),33v43(H),32v44(H),45v31(H),30v46(H),47v29(H),28v48(H),49v27(H),26v50(H),25v2(H),3v24(H),4v23(H),22v5(H),21v6(H),20v7(H),19v8(H),18v9(H),17v10(H),11v16(H),15v12(H),13v14(H)
Round 14,37v1(H),38v36(H),39v35(H),40v34(H),41v33(H),42v32(H),43v31(H),44v30(H),29v45(H),46v28(H),27v47(H),48v26(H),49v25(H),50v24(H),2v23(H),22v3(H),4v21(H),5v20(H),6v19(H),7v18(H),8v17(H),16v9(H),10v15(H),14v11(H),13v12(H)
Round 15,1v36(H),35v37(H),34v38(H),33v39(H),32v40(H),31v41(H),42v30(H),43v29(H),28v44(H),45v27(H),26v46(H),47v25(H),24v48(H),23v49(H),22v50(H),21v2(H),20v3(H),19v4(H),18v5(H),17v6(H),16v7(H),15v8(H),9v14(H),10v13(H),11v12(H)
Round 16,35v1(H),36v34(H),37v33(H),32v38(H),39v31(H),40v30(H),41v29(H),42v28(H),27v43(H),44v26(H),45v25(H),46v24(H),47v23(H),48v22(H),49v21(H),50v20(H),19v2(H),3v18(H),17v4(H),16v5(H),6v15(H),7v14(H),8v13(H),12v9(H),10v11(H)
Round 17,34v1(H),35v33(H),36v32(H),37v31(H),38v30(H),29v39(H),28v40(H),41v27(H),26v42(H),43v25(H),24v44(H),45v23(H),22v46(H),47v21(H),48v20(H),49v19(H),50v18(H),2v17(H),16v3(H),15v4(H),14v5(H),13v6(H),12v7(H),11v8(H),10v9(H)
Round 18,33v1(H),32v34(H),31v35(H),30v36(H),37v29(H),38v28(H),39v27(H),40v26(H),25v41(H),42v24(H),23v43(H),44v22(H),21v45(H),46v20(H),19v47(H),18v48(H),17v49(H),50v16(H),15v2(H),3v14(H),13v4(H),5v12(H),11v6(H),7v10(H),8v9(H)
Round 19,32v1(H),33v31(H),34v30(H),35v29(H),36v28(H),27v37(H),26v38(H),25v39(H),24v40(H),41v23(H),22v42(H),43v21(H),20v44(H),45v19(H),18v46(H),47v17(H),48v16(H),49v15(H),14v50(H),2v13(H),12v3(H),4v11(H),5v10(H),9v6(H),8v7(H)
Round 20,31v1(H),32v30(H),29v33(H),34v28(H),27v35(H),36v26(H),37v25(H),38v24(H),39v23(H),40v22(H),41v21(H),42v20(H),19v43(H),44v18(H),17v45(H),46v16(H),15v47(H),48v14(H),13v49(H),50v12(H),11v2(H),10v3(H),4v9(H),8v5(H),6v7(H)
Round 21,30v1(H),31v29(H),28v32(H),33v27(H),26v34(H),35v25(H),24v36(H),23v37(H),22v38(H),21v39(H),20v40(H),19v41(H),42v18(H),43v17(H),16v44(H),45v15(H),14v46(H),47v13(H),48v12(H),49v11(H),50v10(H),9v2(H),3v8(H),7v4(H),5v6(H)
Round 22,29v1(H),28v30(H),27v31(H),32v26(H),25v33(H),34v24(H),23v35(H),36v22(H),37v21(H),38v20(H),39v19(H),40v18(H),41v17(H),42v16(H),15v43(H),44v14(H),13v45(H),46v12(H),11v47(H),10v48(H),9v49(H),50v8(H),2v7(H),6v3(H),4v5(H)
Round 23,1v28(H),29v27(H),30v26(H),31v25(H),32v24(H),33v23(H),22v34(H),35v21(H),20v36(H),19v37(H),18v38(H),17v39(H),16v40(H),41v15(H),14v42(H),43v13(H),44v12(H),45v11(H),46v10(H),47v9(H),48v8(H),49v7(H),6v50(H),5v2(H),4v3(H)
Round 24,27v1(H),28v26(H),25v29(H),30v24(H),31v23(H),32v22(H),21v33(H),34v20(H),35v19(H),36v18(H),37v17(H),38v16(H),39v15(H),40v14(H),13v41(H),42v12(H),11v43(H),44v10(H),45v9(H),46v8(H),47v7(H),48v6(H),49v5(H),50v4(H),2v3(H)
Round 25,1v26(H),27v25(H),24v28(H),29v23(H),22v30(H),21v31(H),20v32(H),33v19(H),18v34(H),17v35(H),16v36(H),15v37(H),38v14(H),39v13(H),12v40(H),41v11(H),10v42(H),43v9(H),8v44(H),7v45(H),46v6(H),5v47(H),48v4(H),3v49(H),50v2(H)
Round 26,1v25(H),26v24(H),27v23(H),28v22(H),29v21(H),30v20(H),19v31(H),32v18(H),33v17(H),34v16(H),35v15(H),36v14(H),37v13(H),12v38(H),39v11(H),40v10(H),9v41(H),42v8(H),7v43(H),44v6(H),45v5(H),4v46(H),47v3(H),48v2(H),50v49(H)
Round 27,24v1(H),25v23(H),22v26(H),21v27(H),20v28(H),29v19(H),18v30(H),31v17(H),16v32(H),15v33(H),14v34(H),13v35(H),36v12(H),11v37(H),38v10(H),9v39(H),8v40(H),41v7(H),6v42(H),43v5(H),44v4(H),45v3(H),46v2(H),50v47(H),49v48(H)
Round 28,1v23(H),22v24(H),21v25(H),26v20(H),19v27(H),28v18(H),17v29(H),30v16(H),31v15(H),32v14(H),33v13(H),34v12(H),35v11(H),10v36(H),37v9(H),38v8(H),39v7(H),40v6(H),41v5(H),42v4(H),43v3(H),44v2(H),50v45(H),49v46(H),47v48(H)
Round 29,1v22(H),23v21(H),24v20(H),25v19(H),26v18(H),27v17(H),28v16(H),29v15(H),14v30(H),31v13(H),12v32(H),11v33(H),34v10(H),9v35(H),36v8(H),7v37(H),6v38(H),5v39(H),40v4(H),3v41(H),2v42(H),43v50(H),44v49(H),45v48(H),47v46(H)
Round 30,21v1(H),22v20(H),19v23(H),18v24(H),17v25(H),16v26(H),15v27(H),28v14(H),13v29(H),30v12(H),31v11(H),32v10(H),33v9(H),34v8(H),35v7(H),36v6(H),37v5(H),38v4(H),39v3(H),40v2(H),41v50(H),49v42(H),48v43(H),44v47(H),46v45(H)
Round 31,20v1(H),21v19(H),22v18(H),23v17(H),24v16(H),25v15(H),26v14(H),13v27(H),12v28(H),29v11(H),30v10(H),9v31(H),32v8(H),7v33(H),6v34(H),5v35(H),4v36(H),3v37(H),38v2(H),50v39(H),40v49(H),41v48(H),47v42(H),43v46(H),44v45(H)
Round 32,19v1(H),18v20(H),17v21(H),16v22(H),15v23(H),14v24(H),25v13(H),12v26(H),27v11(H),28v10(H),9v29(H),8v30(H),31v7(H),32v6(H),33v5(H),34v4(H),35v3(H),36v2(H),37v50(H),49v38(H),48v39(H),40v47(H),46v41(H),42v45(H),43v44(H)
Round 33,1v18(H),19v17(H),20v16(H),21v15(H),22v14(H),23v13(H),24v12(H),25v11(H),26v10(H),27v9(H),8v28(H),29v7(H),30v6(H),5v31(H),4v32(H),3v33(H),34v2(H),35v50(H),49v36(H),48v37(H),47v38(H),39v46(H),45v40(H),41v44(H),42v43(H)
Round 34,17v1(H),16v18(H),15v19(H),14v20(H),13v21(H),22v12(H),11v23(H),10v24(H),9v25(H),26v8(H),7v27(H),28v6(H),29v5(H),4v30(H),31v3(H),2v32(H),50v33(H),34v49(H),35v48(H),36v47(H),37v46(H),45v38(H),44v39(H),43v40(H),42v41(H)
Round 35,1v16(H),15v17(H),18v14(H),13v19(H),12v20(H),21v11(H),22v10(H),23v9(H),24v8(H),25v7(H),6v26(H),27v5(H),28v4(H),3v29(H),30v2(H),31v50(H),32v49(H),33v48(H),47v34(H),46v35(H),36v45(H),37v44(H),38v43(H),39v42(H),40v41(H)
Round 36,1v15(H),16v14(H),17v13(H),18v12(H),19v11(H),20v10(H),9v21(H),8v22(H),7v23(H),6v24(H),25v5(H),26v4(H),27v3(H),2v28(H),50v29(H),30v49(H),48v31(H),47v32(H),46v33(H),45v34(H),44v35(H),43v36(H),37v42(H),41v38(H),40v39(H)
Round 37,14v1(H),15v13(H),12v16(H),11v17(H),10v18(H),19v9(H),20v8(H),21v7(H),22v6(H),23v5(H),24v4(H),3v25(H),2v26(H),27v50(H),28v49(H),29v48(H),47v30(H),31v46(H),32v45(H),33v44(H),43v34(H),42v35(H),36v41(H),40v37(H),39v38(H)
Round 38,13v1(H),14v12(H),15v11(H),10v16(H),9v17(H),8v18(H),7v19(H),6v20(H),5v21(H),4v22(H),3v23(H),24v2(H),25v50(H),49v26(H),48v27(H),47v28(H),29v46(H),45v30(H),44v31(H),32v43(H),33v42(H),34v41(H),35v40(H),36v39(H),37v38(H)
Round 39,12v1(H),11v13(H),14v10(H),15v9(H),16v8(H),17v7(H),18v6(H),19v5(H),20v4(H),21v3(H),22v2(H),50v23(H),49v24(H),48v25(H),26v47(H),46v27(H),28v45(H),44v29(H),43v30(H),42v31(H),41v32(H),40v33(H),39v34(H),38v35(H),37v36(H)
Round 40,1v11(H),10v12(H),13v9(H),8v14(H),15v7(H),6v16(H),5v17(H),4v18(H),3v19(H),20v2(H),50v21(H),49v22(H),48v23(H),47v24(H),46v25(H),45v26(H),27v44(H),43v28(H),29v42(H),30v41(H),31v40(H),32v39(H),33v38(H),34v37(H),36v35(H)
Round 41,10v1(H),9v11(H),12v8(H),7v13(H),14v6(H),15v5(H),16v4(H),17v3(H),2v18(H),19v50(H),49v20(H),21v48(H),22v47(H),23v46(H),45v24(H),25v44(H),43v26(H),27v42(H),41v28(H),40v29(H),39v30(H),38v31(H),37v32(H),36v33(H),35v34(H)
Round 42,9v1(H),8v10(H),11v7(H),6v12(H),13v5(H),4v14(H),3v15(H),2v16(H),17v50(H),49v18(H),48v19(H),47v20(H),46v21(H),45v22(H),44v23(H),24v43(H),42v25(H),41v26(H),40v27(H),39v28(H),29v38(H),37v30(H),31v36(H),32v35(H),33v34(H)
Round 43,1v8(H),7v9(H),10v6(H),11v5(H),12v4(H),13v3(H),14v2(H),50v15(H),49v16(H),48v17(H),47v18(H),46v19(H),20v45(H),44v21(H),43v22(H),23v42(H),41v24(H),25v40(H),26v39(H),38v27(H),28v37(H),29v36(H),35v30(H),34v31(H),32v33(H)
Round 44,7v1(H),8v6(H),9v5(H),10v4(H),3v11(H),2v12(H),13v50(H),14v49(H),15v48(H),16v47(H),17v46(H),45v18(H),19v44(H),43v20(H),21v42(H),22v41(H),40v23(H),24v39(H),38v25(H),37v26(H),36v27(H),35v28(H),29v34(H),33v30(H),31v32(H)
Round 45,1v6(H),5v7(H),4v8(H),9v3(H),10v2(H),50v11(H),49v12(H),48v13(H),47v14(H),46v15(H),45v16(H),44v17(H),43v18(H),42v19(H),41v20(H),40v21(H),39v22(H),23v38(H),37v24(H),25v36(H),26v35(H),27v34(H),28v33(H),32v29(H),30v31(H)
Round 46,5v1(H),6v4(H),7v3(H),8v2(H),50v9(H),49v10(H),11v48(H),12v47(H),46v13(H),14v45(H),15v44(H),16v43(H),17v42(H),18v41(H),19v40(H),20v39(H),21v38(H),22v37(H),36v23(H),35v24(H),34v25(H),26v33(H),32v27(H),31v28(H),30v29(H)
Round 47,1v4(H),3v5(H),2v6(H),50v7(H),49v8(H),48v9(H),47v10(H),46v11(H),45v12(H),44v13(H),14v43(H),42v15(H),41v16(H),40v17(H),39v18(H),38v19(H),37v20(H),36v21(H),35v22(H),34v23(H),33v24(H),25v32(H),31v26(H),27v30(H),29v28(H)
Round 48,1v3(H),4v2(H),5v50(H),49v6(H),7v48(H),47v8(H),9v46(H),10v45(H),11v44(H),43v12(H),42v13(H),41v14(H),15v40(H),16v39(H),17v38(H),18v37(H),19v36(H),35v20(H),21v34(H),22v33(H),23v32(H),24v31(H),30v25(H),26v29(H),28v27(H)
Round 49,2v1(H),3v50(H),49v4(H),48v5(H),47v6(H),46v7(H),45v8(H),44v9(H),43v10(H),42v11(H),41v12(H),40v13(H),39v14(H),38v15(H),37v16(H),36v17(H),35v18(H),34v19(H),33v20(H),32v21(H),22v31(H),30v23(H),29v24(H),25v28(H),27v26(H)

Metric,Value
Overall Analytical Normalized Score (Z-sum),-25.807609360324708
"Overall Scaled Score ([0,1] sum)",1.6279693045744437
Raw Home Strength,7962.0
Analytical Norm HS (Z-Score),-6.792383418874673
"Scaled HS ([0,1])",0.533909783866843
Raw Penalty Sequence,716
Analytical Norm PS (Z-Score),-19.75921725845097
"Scaled PS ([0,1])",0.5975300994028052
Raw Max Deviation,5.5
Analytical Norm MD (Z-Score),-2.6732101122410477
"Scaled MD ([0,1])",0.5133628676544638
Home Games Player 1,19
Home Games Player 2,19
Home Games Player 3,19
Home Games Player 4,19
Home Games Player 5,19
Home Games Player 6,19
Home Games Player 7,21
Home Games Player 8,20
Home Games Player 9,20
Home Games Player 10,22
Home Games Player 11,22
Home Games Player 12,20
Home Games Player 13,22
Home Games Player 14,22
Home Games Player 15,25
Home Games Player 16,24
Home Games Player 17,23
Home Games Player 18,20
Home Games Player 19,24
Home Games Player 20,21
Home Games Player 21,22
Home Games Player 22,28
Home Games Player 23,20
Home Games Player 24,22
Home Games Player 25,24
Home Games Player 26,22
Home Games Player 27,24
Home Games Player 28,26
Home Games Player 29,26
Home Games Player 30,23
Home Games Player 31,28
Home Games Player 32,30
Home Games Player 33,25
Home Games Player 34,28
Home Games Player 35,29
Home Games Player 36,29
Home Games Player 37,29
Home Games Player 38,25
Home Games Player 39,27
Home Games Player 40,29
Home Games Player 41,28
Home Games Player 42,27
Home Games Player 43,30
Home Games Player 44,29
Home Games Player 45,30
Home Games Player 46,27
Home Games Player 47,30
Home Games Player 48,29
Home Games Player 49,30
Home Games Player 50,29
Sequence Player 1,AHAHAHAAHAAAHAHAAAAAAAHAHHAHHAAAHAHHAAAHAAHAHAHHA
Sequence Player 2,AAAHHAHHAAHAAHAAHAHAAHAHAAAAHAAAAHAHHAAAHHAHAAHAH
Sequence Player 3,AAHAAHAAHAAAHAAHAHAAHAAAHAAAHAHAHAHAHHAHAHAHAAHAH
Sequence Player 4,AAAAHAAHAHHAHHAAAAHHAHHAAHAAAAHAHHAAAHAHAHAAHAAHA
Sequence Player 5,HAAAAHAHAHHAAHAAAHHAHAHAHAAAHAHAHAAAAHAHAAAAHHAHA
Sequence Player 6,AHAAHAHAAHHAAHAHAAAHAHHAAAHAHAHAAAHHAHAHAHAAAHAAA
Sequence Player 7,AHAHAAAHAHAHAHAHAHAAHAAAHHAAHAHAAHAHAHAAHAHHAHAHA
Sequence Player 8,AHAAHAAHAHAHAHAHAHHHAAAAHAHAAAAHHAAHAHAHAHAHAHAAA
Sequence Player 9,AHAAAAAAAHAHAAHAAAHAHHAAAHHAHAHHAHAHAHAAHHAHHAAHA
Sequence Player 10,AHAAHAAHAAHHAHHHHAAHAHAAHAAHAAAAAHAAHHAHHAHHHAAHA
Sequence Player 11,AAAHAHAHAHHHHAHAHHAHAHAHAAHAHAAAAHAAHAHAAHHAAHAHA
Sequence Player 12,AHAAHAHHAHAHAAAHHAHAAAAAHHAAHAHHAAHAHAHAHAHAAHAAA
Sequence Player 13,HHAHAAHAHAAAHHAAHHAHAHAHAAHAAHHAAHHAAHAHAHHHAAAAA
Sequence Player 14,AHAAHAHAAHAHAHAAHAHAHAHAAAHAHAAHAHAAHHHAHAHHAHHAA
Sequence Player 15,AHAAHAHAHAHAHAHAHHAHAHAAHAHAAHAHAHHAHHHHHAAHAHAHA
Sequence Player 16,AHHAHAHHAHAHAHHHHAAAHAHAHAHAAHAHAHAHAAHAHAAHAHAHA
Sequence Player 17,AHHAHAHAAAHAHAHHAHAHAAHAHAAHAHAHAHAHAAHAHHAHAHAHA
Sequence Player 18,AAHAHAHAHHHAHAHAAHHAAAHAHAHAAHAHAAHHAAHAAAAAAHAHA
Sequence Player 19,AAHAHAAHHAHAHAHHAHAHHAHAAHAHAHAHHAAHHAHAHAAHAHAHA
Sequence Player 20,AHHAHAHHAHAAHAHAAAHAHAHAHAHAAAHAHAAHHAHHAAHAAHAAA
Sequence Player 21,HAHAAHAAHAAAHAHAAHAAHAAHHAHHAHHAHAHAHAHAHAAHAHAHA
Sequence Player 22,AHAHHHAHAAHAHHHAHAHAHAHAHAHHAHHAHHHAHAHAHAAHAHAHH
Sequence Player 23,AAHAAHAHHHHHAAHAAHAAHHAAAAAAHAHAHAHAHAAAHAHAHAAHA
Sequence Player 24,AHAHAHAHHAHHAAHAHAHAHAAAHAHAHAHAHAHAHHAAAHAHAAAHA
Sequence Player 25,HAHHAHAAHAAHHAAAAHHAAHAHAAHAHAHHHAHHAHAAHAHAHAHAH
Sequence Player 26,AHAHAHAAHAAHHAHAHAHAHAAAAHAHHAHAHHAHAAHAAAHAHHAHA
Sequence Player 27,HAAHAHAAHAAHAHAHAAHHAHAHHHAAHAAHHAHHHAAHHAAAHAHAH
Sequence Player 28,HHAHAHHHHAHAHAHAHAAAHHAHAHAHHHAHAHHAHAHAAAHAHAAHA
Sequence Player 29,HAAHAHHAHAAHAHAAHAAHAHHAHHHAHAHAHHAAHHAHAHHHAAHAH
Sequence Player 30,AHAHHAHAHHAAHAAAAHAAHAHHAHAHAHHAHAHHAAAHAAAAHHAHH
Sequence Player 31,HHAHAHHHHHAHAAHAAHAHHAHHAAHHHHAHAHHAHAAHAHAHAHHAA
Sequence Player 32,HAHAHHHAAHAHHAHHAHHHAHHHAHAHAHHHAAHAHHAHAHHAHHAAH
Sequence Player 33,HAHHAHAAHAAHHAHAAHHAHAHAHHAHAHAHAAHAHHAHAHAHAAHAH
Sequence Player 34,HAHAHHHHAHHAHAHAHAHHAHAHAHAHHHAHHHAAAHAHAAHAAHHAH
Sequence Player 35,HAHHAHHAHHAAHAHHHAHAHAHHAHAHAHAHHHAAAHAAHAHHAHHHH
Sequence Player 36,HAHHHAHAHAHAHAAHHAHHAHAHAHHAHHAHAHHAHHAHHAAHAHHAH
Sequence Player 37,HAHHAHAHAHAHAHAHHHAHAHAHAHAHAHAHAHHHAHHAHHAHHAHAH
Sequence Player 38,AHHAHAHAHAHHAHAAHHAHAHAHHAHHAHHAAAHAAAHAHAHHAAHAH
Sequence Player 39,HAHHAHAHAHAHHHAHAHAHAHAHHHAHAHAAHAHAHAHAHHAAHAHAH
Sequence Player 40,HAHHHAHAHAHAAHAHAHAHAHAHAHAHHHHHAAHHHAHAHHAHHAHAH
Sequence Player 41,HAHHAHAAAHHAAHAHHAHHAHHAHAHHAHHAHAAHAAHAHHHAHAHHH
Sequence Player 42,HAHHHAHAAHAHAHHHAHAHHHAHAHAHAAAHHHAAHAHAAHAAHAHHH
Sequence Player 43,HAHAHAAHHAHHAHHAHAHAHAHAHAHHHAHHAHAHHAHHHAHHHAAHH
Sequence Player 44,HHAAHAHHAHAHAHAHAHAHAHHHAHHHHHHAAHAHAHHAAHHAHAHAH
Sequence Player 45,HHHAHAHHHAHAHAHHHAHAHAHHAHHAHAAAHHAHAHAHHHAHHAHAH
Sequence Player 46,AHHAHHAHAHAAAHAHAHAHAHHHHAHAAHAHAAHHAAHHAHHAHHHAH
Sequence Player 47,HHAAAHHAHAHAHAHHHAHAHAHHAHAHHAHAHAHHHHAHAHHAHAHHH
Sequence Player 48,HAHHAHAHAAHHAHAHHAHHHAHHHHAAAHAHHAAHAHHHAHHAHAHAH
Sequence Player 49,HAHHAAHAAHHAHHAHHAHAHAHHAAHHAHAHHAAAAHHHHHHAHHHHH
Sequence Player 50,HHAHAHAHHAHHAHAHHHAHHHAHHHHHAAHAAHAHAAHHAAHAHHHAA
